X,Y,Z,Layer,PaperSpace,SubClasses,Linetype,EntityHandle,Text,OGR_STYLE,,,,
0,0,0,c-boundary,,AcDbEntity:AcDbPolyline,ByBlock,1001,,PEN(c:#4B5563),,,,
50000,0,0,c-boundary,,AcDbEntity:AcDbPolyline,ByBlock,1001,,PEN(c:#4B5563),,,,
50000,-40000,0,c-boundary,,AcDbEntity:AcDbPolyline,ByBlock,1001,,PEN(c:#4B5563),,,,
0,-40000,0,c-boundary,,AcDbEntity:AcDbPolyline,ByBlock,1001,,PEN(c:#4B5563),,,,
0,0,0,c-boundary,,AcDbEntity:AcDbPolyline,ByBlock,1001,,PEN(c:#4B5563),,,,
5000,-2000,0,c-constructionentrance,,AcDbEntity:AcDbPolyline,ByBlock,1002,,PEN(c:#14B8A6),,,,
7000,-2000,0,c-constructionentrance,,AcDbEntity:AcDbPolyline,ByBlock,1002,,PEN(c:#14B8A6),,,,
7000,-2200,0,c-constructionentrance,,AcDbEntity:AcDbPolyline,ByBlock,1002,,PEN(c:#14B8A6),,,,
5000,-2200,0,c-constructionentrance,,AcDbEntity:AcDbPolyline,ByBlock,1002,,PEN(c:#14B8A6),,,,
5000,-2000,0,c-constructionentrance,,AcDbEntity:AcDbPolyline,ByBlock,1002,,PEN(c:#14B8A6),,,,
6000,-2100,0,c-constructionentrance,,AcDbEntity:AcDbMText,ByBlock,1003,정문,"LABEL(f:""Dotum"",t:""정문"",s:500g,p:5,c:#14B8A6)",,,,
43000,-2000,0,c-constructionentrance,,AcDbEntity:AcDbPolyline,ByBlock,1004,,PEN(c:#14B8A6),,,,
45000,-2000,0,c-constructionentrance,,AcDbEntity:AcDbPolyline,ByBlock,1004,,PEN(c:#14B8A6),,,,
45000,-2200,0,c-constructionentrance,,AcDbEntity:AcDbPolyline,ByBlock,1004,,PEN(c:#14B8A6),,,,
43000,-2200,0,c-constructionentrance,,AcDbEntity:AcDbPolyline,ByBlock,1004,,PEN(c:#14B8A6),,,,
43000,-2000,0,c-constructionentrance,,AcDbEntity:AcDbPolyline,ByBlock,1004,,PEN(c:#14B8A6),,,,
44000,-2100,0,c-constructionentrance,,AcDbEntity:AcDbMText,ByBlock,1005,후문,"LABEL(f:""Dotum"",t:""후문"",s:500g,p:5,c:#14B8A6)",,,,
24000,-2000,0,c-constructionentrance,,AcDbEntity:AcDbPolyline,ByBlock,1006,,PEN(c:#14B8A6),,,,
26000,-2000,0,c-constructionentrance,,AcDbEntity:AcDbPolyline,ByBlock,1006,,PEN(c:#14B8A6),,,,
26000,-2200,0,c-constructionentrance,,AcDbEntity:AcDbPolyline,ByBlock,1006,,PEN(c:#14B8A6),,,,
24000,-2200,0,c-constructionentrance,,AcDbEntity:AcDbPolyline,ByBlock,1006,,PEN(c:#14B8A6),,,,
24000,-2000,0,c-constructionentrance,,AcDbEntity:AcDbPolyline,ByBlock,1006,,PEN(c:#14B8A6),,,,
25000,-2100,0,c-constructionentrance,,AcDbEntity:AcDbMText,ByBlock,1007,측면문,"LABEL(f:""Dotum"",t:""측면문"",s:500g,p:5,c:#14B8A6)",,,,
3000,-5000,0,c-materialstorage,,AcDbEntity:AcDbPolyline,ByBlock,1008,,PEN(c:#8B5CF6),,,,
8000,-5000,0,c-materialstorage,,AcDbEntity:AcDbPolyline,ByBlock,1008,,PEN(c:#8B5CF6),,,,
8000,-10000,0,c-materialstorage,,AcDbEntity:AcDbPolyline,ByBlock,1008,,PEN(c:#8B5CF6),,,,
3000,-10000,0,c-materialstorage,,AcDbEntity:AcDbPolyline,ByBlock,1008,,PEN(c:#8B5CF6),,,,
3000,-5000,0,c-materialstorage,,AcDbEntity:AcDbPolyline,ByBlock,1008,,PEN(c:#8B5CF6),,,,
5500,-7500,0,c-materialstorage,,AcDbEntity:AcDbMText,ByBlock,1009,철근보관소-1,"LABEL(f:""Dotum"",t:""철근보관소-1"",s:500g,p:5,c:#8B5CF6)",,,,
10000,-5000,0,c-materialstorage,,AcDbEntity:AcDbPolyline,ByBlock,1010,,PEN(c:#8B5CF6),,,,
15000,-5000,0,c-materialstorage,,AcDbEntity:AcDbPolyline,ByBlock,1010,,PEN(c:#8B5CF6),,,,
15000,-10000,0,c-materialstorage,,AcDbEntity:AcDbPolyline,ByBlock,1010,,PEN(c:#8B5CF6),,,,
10000,-10000,0,c-materialstorage,,AcDbEntity:AcDbPolyline,ByBlock,1010,,PEN(c:#8B5CF6),,,,
10000,-5000,0,c-materialstorage,,AcDbEntity:AcDbPolyline,ByBlock,1010,,PEN(c:#8B5CF6),,,,
12500,-7500,0,c-materialstorage,,AcDbEntity:AcDbMText,ByBlock,1011,철근보관소-2,"LABEL(f:""Dotum"",t:""철근보관소-2"",s:500g,p:5,c:#8B5CF6)",,,,
17000,-5000,0,c-materialstorage,,AcDbEntity:AcDbPolyline,ByBlock,1012,,PEN(c:#8B5CF6),,,,
22000,-5000,0,c-materialstorage,,AcDbEntity:AcDbPolyline,ByBlock,1012,,PEN(c:#8B5CF6),,,,
22000,-10000,0,c-materialstorage,,AcDbEntity:AcDbPolyline,ByBlock,1012,,PEN(c:#8B5CF6),,,,
17000,-10000,0,c-materialstorage,,AcDbEntity:AcDbPolyline,ByBlock,1012,,PEN(c:#8B5CF6),,,,
17000,-5000,0,c-materialstorage,,AcDbEntity:AcDbPolyline,ByBlock,1012,,PEN(c:#8B5CF6),,,,
19500,-7500,0,c-materialstorage,,AcDbEntity:AcDbMText,ByBlock,1013,시멘트보관소,"LABEL(f:""Dotum"",t:""시멘트보관소"",s:500g,p:5,c:#8B5CF6)",,,,
24000,-5000,0,c-materialstorage,,AcDbEntity:AcDbPolyline,ByBlock,1014,,PEN(c:#8B5CF6),,,,
29000,-5000,0,c-materialstorage,,AcDbEntity:AcDbPolyline,ByBlock,1014,,PEN(c:#8B5CF6),,,,
29000,-10000,0,c-materialstorage,,AcDbEntity:AcDbPolyline,ByBlock,1014,,PEN(c:#8B5CF6),,,,
24000,-10000,0,c-materialstorage,,AcDbEntity:AcDbPolyline,ByBlock,1014,,PEN(c:#8B5CF6),,,,
24000,-5000,0,c-materialstorage,,AcDbEntity:AcDbPolyline,ByBlock,1014,,PEN(c:#8B5CF6),,,,
26500,-7500,0,c-materialstorage,,AcDbEntity:AcDbMText,ByBlock,1015,목재보관소,"LABEL(f:""Dotum"",t:""목재보관소"",s:500g,p:5,c:#8B5CF6)",,,,
31000,-5000,0,c-materialstorage,,AcDbEntity:AcDbPolyline,ByBlock,1016,,PEN(c:#8B5CF6),,,,
36000,-5000,0,c-materialstorage,,AcDbEntity:AcDbPolyline,ByBlock,1016,,PEN(c:#8B5CF6),,,,
36000,-10000,0,c-materialstorage,,AcDbEntity:AcDbPolyline,ByBlock,1016,,PEN(c:#8B5CF6),,,,
31000,-10000,0,c-materialstorage,,AcDbEntity:AcDbPolyline,ByBlock,1016,,PEN(c:#8B5CF6),,,,
31000,-5000,0,c-materialstorage,,AcDbEntity:AcDbPolyline,ByBlock,1016,,PEN(c:#8B5CF6),,,,
33500,-7500,0,c-materialstorage,,AcDbEntity:AcDbMText,ByBlock,1017,전선자재보관소,"LABEL(f:""Dotum"",t:""전선자재보관소"",s:500g,p:5,c:#8B5CF6)",,,,
38000,-5000,0,c-materialstorage,,AcDbEntity:AcDbPolyline,ByBlock,1018,,PEN(c:#8B5CF6),,,,
43000,-5000,0,c-materialstorage,,AcDbEntity:AcDbPolyline,ByBlock,1018,,PEN(c:#8B5CF6),,,,
43000,-10000,0,c-materialstorage,,AcDbEntity:AcDbPolyline,ByBlock,1018,,PEN(c:#8B5CF6),,,,
38000,-10000,0,c-materialstorage,,AcDbEntity:AcDbPolyline,ByBlock,1018,,PEN(c:#8B5CF6),,,,
38000,-5000,0,c-materialstorage,,AcDbEntity:AcDbPolyline,ByBlock,1018,,PEN(c:#8B5CF6),,,,
40500,-7500,0,c-materialstorage,,AcDbEntity:AcDbMText,ByBlock,1019,배관자재보관소,"LABEL(f:""Dotum"",t:""배관자재보관소"",s:500g,p:5,c:#8B5CF6)",,,,
10000,-12000,0,c-hazardzone,,AcDbEntity:AcDbPolyline,ByBlock,1024,,PEN(c:#EF4444),,,,
22000,-12000,0,c-hazardzone,,AcDbEntity:AcDbPolyline,ByBlock,1024,,PEN(c:#EF4444),,,,
22000,-22000,0,c-hazardzone,,AcDbEntity:AcDbPolyline,ByBlock,1024,,PEN(c:#EF4444),,,,
10000,-22000,0,c-hazardzone,,AcDbEntity:AcDbPolyline,ByBlock,1024,,PEN(c:#EF4444),,,,
10000,-12000,0,c-hazardzone,,AcDbEntity:AcDbPolyline,ByBlock,1024,,PEN(c:#EF4444),,,,
16000,-17000,0,c-hazardzone,,AcDbEntity:AcDbMText,ByBlock,1025,타워크레인작업구역-A,"LABEL(f:""Dotum"",t:""타워크레인작업구역-A"",s:500g,p:5,c:#EF4444)",,,,
24000,-12000,0,c-hazardzone,,AcDbEntity:AcDbPolyline,ByBlock,1026,,PEN(c:#EF4444),,,,
36000,-12000,0,c-hazardzone,,AcDbEntity:AcDbPolyline,ByBlock,1026,,PEN(c:#EF4444),,,,
36000,-22000,0,c-hazardzone,,AcDbEntity:AcDbPolyline,ByBlock,1026,,PEN(c:#EF4444),,,,
24000,-22000,0,c-hazardzone,,AcDbEntity:AcDbPolyline,ByBlock,1026,,PEN(c:#EF4444),,,,
24000,-12000,0,c-hazardzone,,AcDbEntity:AcDbPolyline,ByBlock,1026,,PEN(c:#EF4444),,,,
30000,-17000,0,c-hazardzone,,AcDbEntity:AcDbMText,ByBlock,1027,타워크레인작업구역-B,"LABEL(f:""Dotum"",t:""타워크레인작업구역-B"",s:500g,p:5,c:#EF4444)",,,,
38000,-12000,0,c-hazardzone,,AcDbEntity:AcDbPolyline,ByBlock,1028,,PEN(c:#EF4444),,,,
48000,-12000,0,c-hazardzone,,AcDbEntity:AcDbPolyline,ByBlock,1028,,PEN(c:#EF4444),,,,
48000,-22000,0,c-hazardzone,,AcDbEntity:AcDbPolyline,ByBlock,1028,,PEN(c:#EF4444),,,,
38000,-22000,0,c-hazardzone,,AcDbEntity:AcDbPolyline,ByBlock,1028,,PEN(c:#EF4444),,,,
38000,-12000,0,c-hazardzone,,AcDbEntity:AcDbPolyline,ByBlock,1028,,PEN(c:#EF4444),,,,
43000,-17000,0,c-hazardzone,,AcDbEntity:AcDbMText,ByBlock,1029,고소작업구역,"LABEL(f:""Dotum"",t:""고소작업구역"",s:500g,p:5,c:#EF4444)",,,,
10000,-24000,0,c-hazardzone,,AcDbEntity:AcDbPolyline,ByBlock,1030,,PEN(c:#EF4444),,,,
22000,-24000,0,c-hazardzone,,AcDbEntity:AcDbPolyline,ByBlock,1030,,PEN(c:#EF4444),,,,
22000,-32000,0,c-hazardzone,,AcDbEntity:AcDbPolyline,ByBlock,1030,,PEN(c:#EF4444),,,,
10000,-32000,0,c-hazardzone,,AcDbEntity:AcDbPolyline,ByBlock,1030,,PEN(c:#EF4444),,,,
10000,-24000,0,c-hazardzone,,AcDbEntity:AcDbPolyline,ByBlock,1030,,PEN(c:#EF4444),,,,
16000,-28000,0,c-hazardzone,,AcDbEntity:AcDbMText,ByBlock,1031,용접작업구역,"LABEL(f:""Dotum"",t:""용접작업구역"",s:500g,p:5,c:#EF4444)",,,,
24000,-24000,0,c-hazardzone,,AcDbEntity:AcDbPolyline,ByBlock,1032,,PEN(c:#EF4444),,,,
36000,-24000,0,c-hazardzone,,AcDbEntity:AcDbPolyline,ByBlock,1032,,PEN(c:#EF4444),,,,
36000,-32000,0,c-hazardzone,,AcDbEntity:AcDbPolyline,ByBlock,1032,,PEN(c:#EF4444),,,,
24000,-32000,0,c-hazardzone,,AcDbEntity:AcDbPolyline,ByBlock,1032,,PEN(c:#EF4444),,,,
24000,-24000,0,c-hazardzone,,AcDbEntity:AcDbPolyline,ByBlock,1032,,PEN(c:#EF4444),,,,
30000,-28000,0,c-hazardzone,,AcDbEntity:AcDbMText,ByBlock,1033,절단작업구역,"LABEL(f:""Dotum"",t:""절단작업구역"",s:500g,p:5,c:#EF4444)",,,,
38000,-24000,0,c-hazardzone,,AcDbEntity:AcDbPolyline,ByBlock,1034,,PEN(c:#EF4444),,,,
48000,-24000,0,c-hazardzone,,AcDbEntity:AcDbPolyline,ByBlock,1034,,PEN(c:#EF4444),,,,
48000,-32000,0,c-hazardzone,,AcDbEntity:AcDbPolyline,ByBlock,1034,,PEN(c:#EF4444),,,,
38000,-32000,0,c-hazardzone,,AcDbEntity:AcDbPolyline,ByBlock,1034,,PEN(c:#EF4444),,,,
38000,-24000,0,c-hazardzone,,AcDbEntity:AcDbPolyline,ByBlock,1034,,PEN(c:#EF4444),,,,
43000,-28000,0,c-hazardzone,,AcDbEntity:AcDbMText,ByBlock,1035,중장비작업구역,"LABEL(f:""Dotum"",t:""중장비작업구역"",s:500g,p:5,c:#EF4444)",,,,
3000,-24000,0,c-safetyzone,,AcDbEntity:AcDbPolyline,ByBlock,1036,,PEN(c:#10B981),,,,
8000,-24000,0,c-safetyzone,,AcDbEntity:AcDbPolyline,ByBlock,1036,,PEN(c:#10B981),,,,
8000,-32000,0,c-safetyzone,,AcDbEntity:AcDbPolyline,ByBlock,1036,,PEN(c:#10B981),,,,
3000,-32000,0,c-safetyzone,,AcDbEntity:AcDbPolyline,ByBlock,1036,,PEN(c:#10B981),,,,
3000,-24000,0,c-safetyzone,,AcDbEntity:AcDbPolyline,ByBlock,1036,,PEN(c:#10B981),,,,
5500,-28000,0,c-safetyzone,,AcDbEntity:AcDbMText,ByBlock,1037,비상집결지-1,"LABEL(f:""Dotum"",t:""비상집결지-1"",s:500g,p:5,c:#10B981)",,,,
3000,-34000,0,c-safetyzone,,AcDbEntity:AcDbPolyline,ByBlock,1038,,PEN(c:#10B981),,,,
12000,-34000,0,c-safetyzone,,AcDbEntity:AcDbPolyline,ByBlock,1038,,PEN(c:#10B981),,,,
12000,-38000,0,c-safetyzone,,AcDbEntity:AcDbPolyline,ByBlock,1038,,PEN(c:#10B981),,,,
3000,-38000,0,c-safetyzone,,AcDbEntity:AcDbPolyline,ByBlock,1038,,PEN(c:#10B981),,,,
3000,-34000,0,c-safetyzone,,AcDbEntity:AcDbPolyline,ByBlock,1038,,PEN(c:#10B981),,,,
7500,-36000,0,c-safetyzone,,AcDbEntity:AcDbMText,ByBlock,1039,현장사무실,"LABEL(f:""Dotum"",t:""현장사무실"",s:500g,p:5,c:#10B981)",,,,
15000,-34000,0,c-safetyzone,,AcDbEntity:AcDbPolyline,ByBlock,1040,,PEN(c:#10B981),,,,
24000,-34000,0,c-safetyzone,,AcDbEntity:AcDbPolyline,ByBlock,1040,,PEN(c:#10B981),,,,
24000,-38000,0,c-safetyzone,,AcDbEntity:AcDbPolyline,ByBlock,1040,,PEN(c:#10B981),,,,
15000,-38000,0,c-safetyzone,,AcDbEntity:AcDbPolyline,ByBlock,1040,,PEN(c:#10B981),,,,
15000,-34000,0,c-safetyzone,,AcDbEntity:AcDbPolyline,ByBlock,1040,,PEN(c:#10B981),,,,
19500,-36000,0,c-safetyzone,,AcDbEntity:AcDbMText,ByBlock,1041,휴게실,"LABEL(f:""Dotum"",t:""휴게실"",s:500g,p:5,c:#10B981)",,,,
27000,-34000,0,c-safetyzone,,AcDbEntity:AcDbPolyline,ByBlock,1042,,PEN(c:#10B981),,,,
36000,-34000,0,c-safetyzone,,AcDbEntity:AcDbPolyline,ByBlock,1042,,PEN(c:#10B981),,,,
36000,-38000,0,c-safetyzone,,AcDbEntity:AcDbPolyline,ByBlock,1042,,PEN(c:#10B981),,,,
27000,-38000,0,c-safetyzone,,AcDbEntity:AcDbPolyline,ByBlock,1042,,PEN(c:#10B981),,,,
27000,-34000,0,c-safetyzone,,AcDbEntity:AcDbPolyline,ByBlock,1042,,PEN(c:#10B981),,,,
31500,-36000,0,c-safetyzone,,AcDbEntity:AcDbMText,ByBlock,1043,의무실,"LABEL(f:""Dotum"",t:""의무실"",s:500g,p:5,c:#10B981)",,,,
39000,-34000,0,c-safetyzone,,AcDbEntity:AcDbPolyline,ByBlock,1044,,PEN(c:#10B981),,,,
48000,-34000,0,c-safetyzone,,AcDbEntity:AcDbPolyline,ByBlock,1044,,PEN(c:#10B981),,,,
48000,-38000,0,c-safetyzone,,AcDbEntity:AcDbPolyline,ByBlock,1044,,PEN(c:#10B981),,,,
39000,-38000,0,c-safetyzone,,AcDbEntity:AcDbPolyline,ByBlock,1044,,PEN(c:#10B981),,,,
39000,-34000,0,c-safetyzone,,AcDbEntity:AcDbPolyline,ByBlock,1044,,PEN(c:#10B981),,,,
43500,-36000,0,c-safetyzone,,AcDbEntity:AcDbMText,ByBlock,1045,비상집결지-2,"LABEL(f:""Dotum"",t:""비상집결지-2"",s:500g,p:5,c:#10B981)",,,,
6000,-3500,0,c-safetycctv,,AcDbEntity:AcDbPoint,ByBlock,2001,CCTV-1,"SYMBOL(c:#3B82F6,s:32)",,,,
13000,-3500,0,c-safetycctv,,AcDbEntity:AcDbPoint,ByBlock,2002,CCTV-2,"SYMBOL(c:#3B82F6,s:32)",,,,
20000,-3500,0,c-safetycctv,,AcDbEntity:AcDbPoint,ByBlock,2003,CCTV-3,"SYMBOL(c:#3B82F6,s:32)",,,,
28000,-3500,0,c-safetycctv,,AcDbEntity:AcDbPoint,ByBlock,2004,CCTV-4,"SYMBOL(c:#3B82F6,s:32)",,,,
35000,-3500,0,c-safetycctv,,AcDbEntity:AcDbPoint,ByBlock,2005,CCTV-5,"SYMBOL(c:#3B82F6,s:32)",,,,
42000,-3500,0,c-safetycctv,,AcDbEntity:AcDbPoint,ByBlock,2006,CCTV-6,"SYMBOL(c:#3B82F6,s:32)",,,,
47000,-3500,0,c-safetycctv,,AcDbEntity:AcDbPoint,ByBlock,2007,CCTV-7,"SYMBOL(c:#3B82F6,s:32)",,,,
16000,-15000,0,c-safetycctv,,AcDbEntity:AcDbPoint,ByBlock,2008,CCTV-8,"SYMBOL(c:#3B82F6,s:32)",,,,
30000,-15000,0,c-safetycctv,,AcDbEntity:AcDbPoint,ByBlock,2009,CCTV-9,"SYMBOL(c:#3B82F6,s:32)",,,,
43000,-15000,0,c-safetycctv,,AcDbEntity:AcDbPoint,ByBlock,2010,CCTV-10,"SYMBOL(c:#3B82F6,s:32)",,,,
16000,-27000,0,c-safetycctv,,AcDbEntity:AcDbPoint,ByBlock,2011,CCTV-11,"SYMBOL(c:#3B82F6,s:32)",,,,
30000,-27000,0,c-safetycctv,,AcDbEntity:AcDbPoint,ByBlock,2012,CCTV-12,"SYMBOL(c:#3B82F6,s:32)",,,,
43000,-27000,0,c-safetycctv,,AcDbEntity:AcDbPoint,ByBlock,2013,CCTV-13,"SYMBOL(c:#3B82F6,s:32)",,,,
7500,-36000,0,c-safetycctv,,AcDbEntity:AcDbPoint,ByBlock,2014,CCTV-14,"SYMBOL(c:#3B82F6,s:32)",,,,
19500,-36000,0,c-safetycctv,,AcDbEntity:AcDbPoint,ByBlock,2015,CCTV-15,"SYMBOL(c:#3B82F6,s:32)",,,,
31500,-36000,0,c-safetycctv,,AcDbEntity:AcDbPoint,ByBlock,2016,CCTV-16,"SYMBOL(c:#3B82F6,s:32)",,,,
43500,-36000,0,c-safetycctv,,AcDbEntity:AcDbPoint,ByBlock,2017,CCTV-17,"SYMBOL(c:#3B82F6,s:32)",,,,
5500,-7500,0,c-fireextinguisher,,AcDbEntity:AcDbPoint,ByBlock,3001,소화기-1,"SYMBOL(c:#DC2626,s:28)",,,,
12500,-7500,0,c-fireextinguisher,,AcDbEntity:AcDbPoint,ByBlock,3002,소화기-2,"SYMBOL(c:#DC2626,s:28)",,,,
19500,-7500,0,c-fireextinguisher,,AcDbEntity:AcDbPoint,ByBlock,3003,소화기-3,"SYMBOL(c:#DC2626,s:28)",,,,
26500,-7500,0,c-fireextinguisher,,AcDbEntity:AcDbPoint,ByBlock,3004,소화기-4,"SYMBOL(c:#DC2626,s:28)",,,,
33500,-7500,0,c-fireextinguisher,,AcDbEntity:AcDbPoint,ByBlock,3005,소화기-5,"SYMBOL(c:#DC2626,s:28)",,,,
40500,-7500,0,c-fireextinguisher,,AcDbEntity:AcDbPoint,ByBlock,3006,소화기-6,"SYMBOL(c:#DC2626,s:28)",,,,
11000,-13000,0,c-fireextinguisher,,AcDbEntity:AcDbPoint,ByBlock,3007,소화기-7,"SYMBOL(c:#DC2626,s:28)",,,,
21000,-13000,0,c-fireextinguisher,,AcDbEntity:AcDbPoint,ByBlock,3008,소화기-8,"SYMBOL(c:#DC2626,s:28)",,,,
25000,-13000,0,c-fireextinguisher,,AcDbEntity:AcDbPoint,ByBlock,3009,소화기-9,"SYMBOL(c:#DC2626,s:28)",,,,
35000,-13000,0,c-fireextinguisher,,AcDbEntity:AcDbPoint,ByBlock,3010,소화기-10,"SYMBOL(c:#DC2626,s:28)",,,,
39000,-13000,0,c-fireextinguisher,,AcDbEntity:AcDbPoint,ByBlock,3011,소화기-11,"SYMBOL(c:#DC2626,s:28)",,,,
47000,-13000,0,c-fireextinguisher,,AcDbEntity:AcDbPoint,ByBlock,3012,소화기-12,"SYMBOL(c:#DC2626,s:28)",,,,
11000,-21000,0,c-fireextinguisher,,AcDbEntity:AcDbPoint,ByBlock,3013,소화기-13,"SYMBOL(c:#DC2626,s:28)",,,,
21000,-21000,0,c-fireextinguisher,,AcDbEntity:AcDbPoint,ByBlock,3014,소화기-14,"SYMBOL(c:#DC2626,s:28)",,,,
25000,-21000,0,c-fireextinguisher,,AcDbEntity:AcDbPoint,ByBlock,3015,소화기-15,"SYMBOL(c:#DC2626,s:28)",,,,
35000,-21000,0,c-fireextinguisher,,AcDbEntity:AcDbPoint,ByBlock,3016,소화기-16,"SYMBOL(c:#DC2626,s:28)",,,,
39000,-21000,0,c-fireextinguisher,,AcDbEntity:AcDbPoint,ByBlock,3017,소화기-17,"SYMBOL(c:#DC2626,s:28)",,,,
47000,-21000,0,c-fireextinguisher,,AcDbEntity:AcDbPoint,ByBlock,3018,소화기-18,"SYMBOL(c:#DC2626,s:28)",,,,
11000,-25000,0,c-fireextinguisher,,AcDbEntity:AcDbPoint,ByBlock,3019,소화기-19,"SYMBOL(c:#DC2626,s:28)",,,,
21000,-25000,0,c-fireextinguisher,,AcDbEntity:AcDbPoint,ByBlock,3020,소화기-20,"SYMBOL(c:#DC2626,s:28)",,,,
25000,-25000,0,c-fireextinguisher,,AcDbEntity:AcDbPoint,ByBlock,3021,소화기-21,"SYMBOL(c:#DC2626,s:28)",,,,
35000,-25000,0,c-fireextinguisher,,AcDbEntity:AcDbPoint,ByBlock,3022,소화기-22,"SYMBOL(c:#DC2626,s:28)",,,,
39000,-25000,0,c-fireextinguisher,,AcDbEntity:AcDbPoint,ByBlock,3023,소화기-23,"SYMBOL(c:#DC2626,s:28)",,,,
47000,-25000,0,c-fireextinguisher,,AcDbEntity:AcDbPoint,ByBlock,3024,소화기-24,"SYMBOL(c:#DC2626,s:28)",,,,
5500,-28000,0,c-fireextinguisher,,AcDbEntity:AcDbPoint,ByBlock,3025,소화기-25,"SYMBOL(c:#DC2626,s:28)",,,,
7500,-36000,0,c-fireextinguisher,,AcDbEntity:AcDbPoint,ByBlock,3026,소화기-26,"SYMBOL(c:#DC2626,s:28)",,,,
19500,-36000,0,c-fireextinguisher,,AcDbEntity:AcDbPoint,ByBlock,3027,소화기-27,"SYMBOL(c:#DC2626,s:28)",,,,
31500,-36000,0,c-fireextinguisher,,AcDbEntity:AcDbPoint,ByBlock,3028,소화기-28,"SYMBOL(c:#DC2626,s:28)",,,,
43500,-36000,0,c-fireextinguisher,,AcDbEntity:AcDbPoint,ByBlock,3029,소화기-29,"SYMBOL(c:#DC2626,s:28)",,,,
6000,-2100,0,c-safetysensor,,AcDbEntity:AcDbPoint,ByBlock,4001,센서-1,"SYMBOL(c:#8B5CF6,s:26)",,,,
44000,-2100,0,c-safetysensor,,AcDbEntity:AcDbPoint,ByBlock,4002,센서-2,"SYMBOL(c:#8B5CF6,s:26)",,,,
16000,-17000,0,c-safetysensor,,AcDbEntity:AcDbPoint,ByBlock,4003,센서-3,"SYMBOL(c:#8B5CF6,s:26)",,,,
30000,-17000,0,c-safetysensor,,AcDbEntity:AcDbPoint,ByBlock,4004,센서-4,"SYMBOL(c:#8B5CF6,s:26)",,,,
43000,-17000,0,c-safetysensor,,AcDbEntity:AcDbPoint,ByBlock,4005,센서-5,"SYMBOL(c:#8B5CF6,s:26)",,,,
16000,-28000,0,c-safetysensor,,AcDbEntity:AcDbPoint,ByBlock,4006,센서-6,"SYMBOL(c:#8B5CF6,s:26)",,,,
30000,-28000,0,c-safetysensor,,AcDbEntity:AcDbPoint,ByBlock,4007,센서-7,"SYMBOL(c:#8B5CF6,s:26)",,,,
43000,-28000,0,c-safetysensor,,AcDbEntity:AcDbPoint,ByBlock,4008,센서-8,"SYMBOL(c:#8B5CF6,s:26)",,,,
16000,-15000,0,c-crane,,AcDbEntity:AcDbPoint,ByBlock,5001,타워크레인-1,"SYMBOL(c:#F59E0B,s:48)",,,,
30000,-15000,0,c-crane,,AcDbEntity:AcDbPoint,ByBlock,5002,타워크레인-2,"SYMBOL(c:#F59E0B,s:48)",,,,
43000,-15000,0,c-crane,,AcDbEntity:AcDbPoint,ByBlock,5003,타워크레인-3,"SYMBOL(c:#F59E0B,s:48)",,,,
16000,-27000,0,c-crane,,AcDbEntity:AcDbPoint,ByBlock,5004,이동크레인-1,"SYMBOL(c:#F59E0B,s:48)",,,,
30000,-27000,0,c-crane,,AcDbEntity:AcDbPoint,ByBlock,5005,이동크레인-2,"SYMBOL(c:#F59E0B,s:48)",,,,
43000,-27000,0,c-crane,,AcDbEntity:AcDbPoint,ByBlock,5006,이동크레인-3,"SYMBOL(c:#F59E0B,s:48)",,,,
11000,-14000,0,c-scaffold,,AcDbEntity:AcDbPolyline,ByBlock,6001,,PEN(c:#6B7280),,,,
14000,-14000,0,c-scaffold,,AcDbEntity:AcDbPolyline,ByBlock,6001,,PEN(c:#6B7280),,,,
14000,-16000,0,c-scaffold,,AcDbEntity:AcDbPolyline,ByBlock,6001,,PEN(c:#6B7280),,,,
11000,-16000,0,c-scaffold,,AcDbEntity:AcDbPolyline,ByBlock,6001,,PEN(c:#6B7280),,,,
11000,-14000,0,c-scaffold,,AcDbEntity:AcDbPolyline,ByBlock,6001,,PEN(c:#6B7280),,,,
12500,-15000,0,c-scaffold,,AcDbEntity:AcDbMText,ByBlock,6002,비계-1,"LABEL(f:""Dotum"",t:""비계-1"",s:300g,p:5,c:#6B7280)",,,,
18000,-14000,0,c-scaffold,,AcDbEntity:AcDbPolyline,ByBlock,6003,,PEN(c:#6B7280),,,,
21000,-14000,0,c-scaffold,,AcDbEntity:AcDbPolyline,ByBlock,6003,,PEN(c:#6B7280),,,,
21000,-16000,0,c-scaffold,,AcDbEntity:AcDbPolyline,ByBlock,6003,,PEN(c:#6B7280),,,,
18000,-16000,0,c-scaffold,,AcDbEntity:AcDbPolyline,ByBlock,6003,,PEN(c:#6B7280),,,,
18000,-14000,0,c-scaffold,,AcDbEntity:AcDbPolyline,ByBlock,6003,,PEN(c:#6B7280),,,,
19500,-15000,0,c-scaffold,,AcDbEntity:AcDbMText,ByBlock,6004,비계-2,"LABEL(f:""Dotum"",t:""비계-2"",s:300g,p:5,c:#6B7280)",,,,
25000,-14000,0,c-scaffold,,AcDbEntity:AcDbPolyline,ByBlock,6005,,PEN(c:#6B7280),,,,
28000,-14000,0,c-scaffold,,AcDbEntity:AcDbPolyline,ByBlock,6005,,PEN(c:#6B7280),,,,
28000,-16000,0,c-scaffold,,AcDbEntity:AcDbPolyline,ByBlock,6005,,PEN(c:#6B7280),,,,
25000,-16000,0,c-scaffold,,AcDbEntity:AcDbPolyline,ByBlock,6005,,PEN(c:#6B7280),,,,
25000,-14000,0,c-scaffold,,AcDbEntity:AcDbPolyline,ByBlock,6005,,PEN(c:#6B7280),,,,
26500,-15000,0,c-scaffold,,AcDbEntity:AcDbMText,ByBlock,6006,비계-3,"LABEL(f:""Dotum"",t:""비계-3"",s:300g,p:5,c:#6B7280)",,,,
32000,-14000,0,c-scaffold,,AcDbEntity:AcDbPolyline,ByBlock,6007,,PEN(c:#6B7280),,,,
35000,-14000,0,c-scaffold,,AcDbEntity:AcDbPolyline,ByBlock,6007,,PEN(c:#6B7280),,,,
35000,-16000,0,c-scaffold,,AcDbEntity:AcDbPolyline,ByBlock,6007,,PEN(c:#6B7280),,,,
32000,-16000,0,c-scaffold,,AcDbEntity:AcDbPolyline,ByBlock,6007,,PEN(c:#6B7280),,,,
32000,-14000,0,c-scaffold,,AcDbEntity:AcDbPolyline,ByBlock,6007,,PEN(c:#6B7280),,,,
33500,-15000,0,c-scaffold,,AcDbEntity:AcDbMText,ByBlock,6008,비계-4,"LABEL(f:""Dotum"",t:""비계-4"",s:300g,p:5,c:#6B7280)",,,,
39000,-14000,0,c-scaffold,,AcDbEntity:AcDbPolyline,ByBlock,6009,,PEN(c:#6B7280),,,,
42000,-14000,0,c-scaffold,,AcDbEntity:AcDbPolyline,ByBlock,6009,,PEN(c:#6B7280),,,,
42000,-16000,0,c-scaffold,,AcDbEntity:AcDbPolyline,ByBlock,6009,,PEN(c:#6B7280),,,,
39000,-16000,0,c-scaffold,,AcDbEntity:AcDbPolyline,ByBlock,6009,,PEN(c:#6B7280),,,,
39000,-14000,0,c-scaffold,,AcDbEntity:AcDbPolyline,ByBlock,6009,,PEN(c:#6B7280),,,,
40500,-15000,0,c-scaffold,,AcDbEntity:AcDbMText,ByBlock,6010,비계-5,"LABEL(f:""Dotum"",t:""비계-5"",s:300g,p:5,c:#6B7280)",,,,
45000,-14000,0,c-scaffold,,AcDbEntity:AcDbPolyline,ByBlock,6011,,PEN(c:#6B7280),,,,
48000,-14000,0,c-scaffold,,AcDbEntity:AcDbPolyline,ByBlock,6011,,PEN(c:#6B7280),,,,
48000,-16000,0,c-scaffold,,AcDbEntity:AcDbPolyline,ByBlock,6011,,PEN(c:#6B7280),,,,
45000,-16000,0,c-scaffold,,AcDbEntity:AcDbPolyline,ByBlock,6011,,PEN(c:#6B7280),,,,
45000,-14000,0,c-scaffold,,AcDbEntity:AcDbPolyline,ByBlock,6011,,PEN(c:#6B7280),,,,
46500,-15000,0,c-scaffold,,AcDbEntity:AcDbMText,ByBlock,6012,비계-6,"LABEL(f:""Dotum"",t:""비계-6"",s:300g,p:5,c:#6B7280)",,,,
11000,-18000,0,c-scaffold,,AcDbEntity:AcDbPolyline,ByBlock,6013,,PEN(c:#6B7280),,,,
14000,-18000,0,c-scaffold,,AcDbEntity:AcDbPolyline,ByBlock,6013,,PEN(c:#6B7280),,,,
14000,-20000,0,c-scaffold,,AcDbEntity:AcDbPolyline,ByBlock,6013,,PEN(c:#6B7280),,,,
11000,-20000,0,c-scaffold,,AcDbEntity:AcDbPolyline,ByBlock,6013,,PEN(c:#6B7280),,,,
11000,-18000,0,c-scaffold,,AcDbEntity:AcDbPolyline,ByBlock,6013,,PEN(c:#6B7280),,,,
12500,-19000,0,c-scaffold,,AcDbEntity:AcDbMText,ByBlock,6014,비계-7,"LABEL(f:""Dotum"",t:""비계-7"",s:300g,p:5,c:#6B7280)",,,,
18000,-18000,0,c-scaffold,,AcDbEntity:AcDbPolyline,ByBlock,6015,,PEN(c:#6B7280),,,,
21000,-18000,0,c-scaffold,,AcDbEntity:AcDbPolyline,ByBlock,6015,,PEN(c:#6B7280),,,,
21000,-20000,0,c-scaffold,,AcDbEntity:AcDbPolyline,ByBlock,6015,,PEN(c:#6B7280),,,,
18000,-20000,0,c-scaffold,,AcDbEntity:AcDbPolyline,ByBlock,6015,,PEN(c:#6B7280),,,,
18000,-18000,0,c-scaffold,,AcDbEntity:AcDbPolyline,ByBlock,6015,,PEN(c:#6B7280),,,,
19500,-19000,0,c-scaffold,,AcDbEntity:AcDbMText,ByBlock,6016,비계-8,"LABEL(f:""Dotum"",t:""비계-8"",s:300g,p:5,c:#6B7280)",,,,
25000,-18000,0,c-scaffold,,AcDbEntity:AcDbPolyline,ByBlock,6017,,PEN(c:#6B7280),,,,
28000,-18000,0,c-scaffold,,AcDbEntity:AcDbPolyline,ByBlock,6017,,PEN(c:#6B7280),,,,
28000,-20000,0,c-scaffold,,AcDbEntity:AcDbPolyline,ByBlock,6017,,PEN(c:#6B7280),,,,
25000,-20000,0,c-scaffold,,AcDbEntity:AcDbPolyline,ByBlock,6017,,PEN(c:#6B7280),,,,
25000,-18000,0,c-scaffold,,AcDbEntity:AcDbPolyline,ByBlock,6017,,PEN(c:#6B7280),,,,
26500,-19000,0,c-scaffold,,AcDbEntity:AcDbMText,ByBlock,6018,비계-9,"LABEL(f:""Dotum"",t:""비계-9"",s:300g,p:5,c:#6B7280)",,,,
32000,-18000,0,c-scaffold,,AcDbEntity:AcDbPolyline,ByBlock,6019,,PEN(c:#6B7280),,,,
35000,-18000,0,c-scaffold,,AcDbEntity:AcDbPolyline,ByBlock,6019,,PEN(c:#6B7280),,,,
35000,-20000,0,c-scaffold,,AcDbEntity:AcDbPolyline,ByBlock,6019,,PEN(c:#6B7280),,,,
32000,-20000,0,c-scaffold,,AcDbEntity:AcDbPolyline,ByBlock,6019,,PEN(c:#6B7280),,,,
32000,-18000,0,c-scaffold,,AcDbEntity:AcDbPolyline,ByBlock,6019,,PEN(c:#6B7280),,,,
33500,-19000,0,c-scaffold,,AcDbEntity:AcDbMText,ByBlock,6020,비계-10,"LABEL(f:""Dotum"",t:""비계-10"",s:300g,p:5,c:#6B7280)",,,,
39000,-18000,0,c-scaffold,,AcDbEntity:AcDbPolyline,ByBlock,6021,,PEN(c:#6B7280),,,,
42000,-18000,0,c-scaffold,,AcDbEntity:AcDbPolyline,ByBlock,6021,,PEN(c:#6B7280),,,,
42000,-20000,0,c-scaffold,,AcDbEntity:AcDbPolyline,ByBlock,6021,,PEN(c:#6B7280),,,,
39000,-20000,0,c-scaffold,,AcDbEntity:AcDbPolyline,ByBlock,6021,,PEN(c:#6B7280),,,,
39000,-18000,0,c-scaffold,,AcDbEntity:AcDbPolyline,ByBlock,6021,,PEN(c:#6B7280),,,,
40500,-19000,0,c-scaffold,,AcDbEntity:AcDbMText,ByBlock,6022,비계-11,"LABEL(f:""Dotum"",t:""비계-11"",s:300g,p:5,c:#6B7280)",,,,
45000,-18000,0,c-scaffold,,AcDbEntity:AcDbPolyline,ByBlock,6023,,PEN(c:#6B7280),,,,
48000,-18000,0,c-scaffold,,AcDbEntity:AcDbPolyline,ByBlock,6023,,PEN(c:#6B7280),,,,
48000,-20000,0,c-scaffold,,AcDbEntity:AcDbPolyline,ByBlock,6023,,PEN(c:#6B7280),,,,
45000,-20000,0,c-scaffold,,AcDbEntity:AcDbPolyline,ByBlock,6023,,PEN(c:#6B7280),,,,
45000,-18000,0,c-scaffold,,AcDbEntity:AcDbPolyline,ByBlock,6023,,PEN(c:#6B7280),,,,
46500,-19000,0,c-scaffold,,AcDbEntity:AcDbMText,ByBlock,6024,비계-12,"LABEL(f:""Dotum"",t:""비계-12"",s:300g,p:5,c:#6B7280)",,,,
11000,-26000,0,c-scaffold,,AcDbEntity:AcDbPolyline,ByBlock,6025,,PEN(c:#6B7280),,,,
14000,-26000,0,c-scaffold,,AcDbEntity:AcDbPolyline,ByBlock,6025,,PEN(c:#6B7280),,,,
14000,-28000,0,c-scaffold,,AcDbEntity:AcDbPolyline,ByBlock,6025,,PEN(c:#6B7280),,,,
11000,-28000,0,c-scaffold,,AcDbEntity:AcDbPolyline,ByBlock,6025,,PEN(c:#6B7280),,,,
11000,-26000,0,c-scaffold,,AcDbEntity:AcDbPolyline,ByBlock,6025,,PEN(c:#6B7280),,,,
12500,-27000,0,c-scaffold,,AcDbEntity:AcDbMText,ByBlock,6026,비계-13,"LABEL(f:""Dotum"",t:""비계-13"",s:300g,p:5,c:#6B7280)",,,,
18000,-26000,0,c-scaffold,,AcDbEntity:AcDbPolyline,ByBlock,6027,,PEN(c:#6B7280),,,,
21000,-26000,0,c-scaffold,,AcDbEntity:AcDbPolyline,ByBlock,6027,,PEN(c:#6B7280),,,,
21000,-28000,0,c-scaffold,,AcDbEntity:AcDbPolyline,ByBlock,6027,,PEN(c:#6B7280),,,,
18000,-28000,0,c-scaffold,,AcDbEntity:AcDbPolyline,ByBlock,6027,,PEN(c:#6B7280),,,,
18000,-26000,0,c-scaffold,,AcDbEntity:AcDbPolyline,ByBlock,6027,,PEN(c:#6B7280),,,,
19500,-27000,0,c-scaffold,,AcDbEntity:AcDbMText,ByBlock,6028,비계-14,"LABEL(f:""Dotum"",t:""비계-14"",s:300g,p:5,c:#6B7280)",,,,
25000,-26000,0,c-scaffold,,AcDbEntity:AcDbPolyline,ByBlock,6029,,PEN(c:#6B7280),,,,
28000,-26000,0,c-scaffold,,AcDbEntity:AcDbPolyline,ByBlock,6029,,PEN(c:#6B7280),,,,
28000,-28000,0,c-scaffold,,AcDbEntity:AcDbPolyline,ByBlock,6029,,PEN(c:#6B7280),,,,
25000,-28000,0,c-scaffold,,AcDbEntity:AcDbPolyline,ByBlock,6029,,PEN(c:#6B7280),,,,
25000,-26000,0,c-scaffold,,AcDbEntity:AcDbPolyline,ByBlock,6029,,PEN(c:#6B7280),,,,
26500,-27000,0,c-scaffold,,AcDbEntity:AcDbMText,ByBlock,6030,비계-15,"LABEL(f:""Dotum"",t:""비계-15"",s:300g,p:5,c:#6B7280)",,,,
32000,-26000,0,c-scaffold,,AcDbEntity:AcDbPolyline,ByBlock,6031,,PEN(c:#6B7280),,,,
35000,-26000,0,c-scaffold,,AcDbEntity:AcDbPolyline,ByBlock,6031,,PEN(c:#6B7280),,,,
35000,-28000,0,c-scaffold,,AcDbEntity:AcDbPolyline,ByBlock,6031,,PEN(c:#6B7280),,,,
32000,-28000,0,c-scaffold,,AcDbEntity:AcDbPolyline,ByBlock,6031,,PEN(c:#6B7280),,,,
32000,-26000,0,c-scaffold,,AcDbEntity:AcDbPolyline,ByBlock,6031,,PEN(c:#6B7280),,,,
33500,-27000,0,c-scaffold,,AcDbEntity:AcDbMText,ByBlock,6032,비계-16,"LABEL(f:""Dotum"",t:""비계-16"",s:300g,p:5,c:#6B7280)",,,,
39000,-26000,0,c-scaffold,,AcDbEntity:AcDbPolyline,ByBlock,6033,,PEN(c:#6B7280),,,,
42000,-26000,0,c-scaffold,,AcDbEntity:AcDbPolyline,ByBlock,6033,,PEN(c:#6B7280),,,,
42000,-28000,0,c-scaffold,,AcDbEntity:AcDbPolyline,ByBlock,6033,,PEN(c:#6B7280),,,,
39000,-28000,0,c-scaffold,,AcDbEntity:AcDbPolyline,ByBlock,6033,,PEN(c:#6B7280),,,,
39000,-26000,0,c-scaffold,,AcDbEntity:AcDbPolyline,ByBlock,6033,,PEN(c:#6B7280),,,,
40500,-27000,0,c-scaffold,,AcDbEntity:AcDbMText,ByBlock,6034,비계-17,"LABEL(f:""Dotum"",t:""비계-17"",s:300g,p:5,c:#6B7280)",,,,
45000,-26000,0,c-scaffold,,AcDbEntity:AcDbPolyline,ByBlock,6035,,PEN(c:#6B7280),,,,
48000,-26000,0,c-scaffold,,AcDbEntity:AcDbPolyline,ByBlock,6035,,PEN(c:#6B7280),,,,
48000,-28000,0,c-scaffold,,AcDbEntity:AcDbPolyline,ByBlock,6035,,PEN(c:#6B7280),,,,
45000,-28000,0,c-scaffold,,AcDbEntity:AcDbPolyline,ByBlock,6035,,PEN(c:#6B7280),,,,
45000,-26000,0,c-scaffold,,AcDbEntity:AcDbPolyline,ByBlock,6035,,PEN(c:#6B7280),,,,
46500,-27000,0,c-scaffold,,AcDbEntity:AcDbMText,ByBlock,6036,비계-18,"LABEL(f:""Dotum"",t:""비계-18"",s:300g,p:5,c:#6B7280)",,,,
11000,-30000,0,c-scaffold,,AcDbEntity:AcDbPolyline,ByBlock,6037,,PEN(c:#6B7280),,,,
14000,-30000,0,c-scaffold,,AcDbEntity:AcDbPolyline,ByBlock,6037,,PEN(c:#6B7280),,,,
14000,-32000,0,c-scaffold,,AcDbEntity:AcDbPolyline,ByBlock,6037,,PEN(c:#6B7280),,,,
11000,-32000,0,c-scaffold,,AcDbEntity:AcDbPolyline,ByBlock,6037,,PEN(c:#6B7280),,,,
11000,-30000,0,c-scaffold,,AcDbEntity:AcDbPolyline,ByBlock,6037,,PEN(c:#6B7280),,,,
12500,-31000,0,c-scaffold,,AcDbEntity:AcDbMText,ByBlock,6038,비계-19,"LABEL(f:""Dotum"",t:""비계-19"",s:300g,p:5,c:#6B7280)",,,,
18000,-30000,0,c-scaffold,,AcDbEntity:AcDbPolyline,ByBlock,6039,,PEN(c:#6B7280),,,,
21000,-30000,0,c-scaffold,,AcDbEntity:AcDbPolyline,ByBlock,6039,,PEN(c:#6B7280),,,,
21000,-32000,0,c-scaffold,,AcDbEntity:AcDbPolyline,ByBlock,6039,,PEN(c:#6B7280),,,,
18000,-32000,0,c-scaffold,,AcDbEntity:AcDbPolyline,ByBlock,6039,,PEN(c:#6B7280),,,,
18000,-30000,0,c-scaffold,,AcDbEntity:AcDbPolyline,ByBlock,6039,,PEN(c:#6B7280),,,,
19500,-31000,0,c-scaffold,,AcDbEntity:AcDbMText,ByBlock,6040,비계-20,"LABEL(f:""Dotum"",t:""비계-20"",s:300g,p:5,c:#6B7280)",,,,
25000,-30000,0,c-scaffold,,AcDbEntity:AcDbPolyline,ByBlock,6041,,PEN(c:#6B7280),,,,
28000,-30000,0,c-scaffold,,AcDbEntity:AcDbPolyline,ByBlock,6041,,PEN(c:#6B7280),,,,
28000,-32000,0,c-scaffold,,AcDbEntity:AcDbPolyline,ByBlock,6041,,PEN(c:#6B7280),,,,
25000,-32000,0,c-scaffold,,AcDbEntity:AcDbPolyline,ByBlock,6041,,PEN(c:#6B7280),,,,
25000,-30000,0,c-scaffold,,AcDbEntity:AcDbPolyline,ByBlock,6041,,PEN(c:#6B7280),,,,
26500,-31000,0,c-scaffold,,AcDbEntity:AcDbMText,ByBlock,6042,비계-21,"LABEL(f:""Dotum"",t:""비계-21"",s:300g,p:5,c:#6B7280)",,,,
32000,-30000,0,c-scaffold,,AcDbEntity:AcDbPolyline,ByBlock,6043,,PEN(c:#6B7280),,,,
35000,-30000,0,c-scaffold,,AcDbEntity:AcDbPolyline,ByBlock,6043,,PEN(c:#6B7280),,,,
35000,-32000,0,c-scaffold,,AcDbEntity:AcDbPolyline,ByBlock,6043,,PEN(c:#6B7280),,,,
32000,-32000,0,c-scaffold,,AcDbEntity:AcDbPolyline,ByBlock,6043,,PEN(c:#6B7280),,,,
32000,-30000,0,c-scaffold,,AcDbEntity:AcDbPolyline,ByBlock,6043,,PEN(c:#6B7280),,,,
33500,-31000,0,c-scaffold,,AcDbEntity:AcDbMText,ByBlock,6044,비계-22,"LABEL(f:""Dotum"",t:""비계-22"",s:300g,p:5,c:#6B7280)",,,,
39000,-30000,0,c-scaffold,,AcDbEntity:AcDbPolyline,ByBlock,6045,,PEN(c:#6B7280),,,,
42000,-30000,0,c-scaffold,,AcDbEntity:AcDbPolyline,ByBlock,6045,,PEN(c:#6B7280),,,,
42000,-32000,0,c-scaffold,,AcDbEntity:AcDbPolyline,ByBlock,6045,,PEN(c:#6B7280),,,,
39000,-32000,0,c-scaffold,,AcDbEntity:AcDbPolyline,ByBlock,6045,,PEN(c:#6B7280),,,,
39000,-30000,0,c-scaffold,,AcDbEntity:AcDbPolyline,ByBlock,6045,,PEN(c:#6B7280),,,,
40500,-31000,0,c-scaffold,,AcDbEntity:AcDbMText,ByBlock,6046,비계-23,"LABEL(f:""Dotum"",t:""비계-23"",s:300g,p:5,c:#6B7280)",,,,
45000,-30000,0,c-scaffold,,AcDbEntity:AcDbPolyline,ByBlock,6047,,PEN(c:#6B7280),,,,
48000,-30000,0,c-scaffold,,AcDbEntity:AcDbPolyline,ByBlock,6047,,PEN(c:#6B7280),,,,
48000,-32000,0,c-scaffold,,AcDbEntity:AcDbPolyline,ByBlock,6047,,PEN(c:#6B7280),,,,
45000,-32000,0,c-scaffold,,AcDbEntity:AcDbPolyline,ByBlock,6047,,PEN(c:#6B7280),,,,
45000,-30000,0,c-scaffold,,AcDbEntity:AcDbPolyline,ByBlock,6047,,PEN(c:#6B7280),,,,
46500,-31000,0,c-scaffold,,AcDbEntity:AcDbMText,ByBlock,6048,비계-24,"LABEL(f:""Dotum"",t:""비계-24"",s:300g,p:5,c:#6B7280)",,,,
9500,-12500,0,c-barrier,,AcDbEntity:AcDbPolyline,ByBlock,7001,,PEN(c:#FBBF24),,,,
9500,-22500,0,c-barrier,,AcDbEntity:AcDbPolyline,ByBlock,7001,,PEN(c:#FBBF24),,,,
9000,-22500,0,c-barrier,,AcDbEntity:AcDbPolyline,ByBlock,7001,,PEN(c:#FBBF24),,,,
9000,-12500,0,c-barrier,,AcDbEntity:AcDbPolyline,ByBlock,7001,,PEN(c:#FBBF24),,,,
9500,-12500,0,c-barrier,,AcDbEntity:AcDbPolyline,ByBlock,7001,,PEN(c:#FBBF24),,,,
22500,-12500,0,c-barrier,,AcDbEntity:AcDbPolyline,ByBlock,7002,,PEN(c:#FBBF24),,,,
22500,-22500,0,c-barrier,,AcDbEntity:AcDbPolyline,ByBlock,7002,,PEN(c:#FBBF24),,,,
23000,-22500,0,c-barrier,,AcDbEntity:AcDbPolyline,ByBlock,7002,,PEN(c:#FBBF24),,,,
23000,-12500,0,c-barrier,,AcDbEntity:AcDbPolyline,ByBlock,7002,,PEN(c:#FBBF24),,,,
22500,-12500,0,c-barrier,,AcDbEntity:AcDbPolyline,ByBlock,7002,,PEN(c:#FBBF24),,,,
23500,-12500,0,c-barrier,,AcDbEntity:AcDbPolyline,ByBlock,7003,,PEN(c:#FBBF24),,,,
23500,-22500,0,c-barrier,,AcDbEntity:AcDbPolyline,ByBlock,7003,,PEN(c:#FBBF24),,,,
24000,-22500,0,c-barrier,,AcDbEntity:AcDbPolyline,ByBlock,7003,,PEN(c:#FBBF24),,,,
24000,-12500,0,c-barrier,,AcDbEntity:AcDbPolyline,ByBlock,7003,,PEN(c:#FBBF24),,,,
23500,-12500,0,c-barrier,,AcDbEntity:AcDbPolyline,ByBlock,7003,,PEN(c:#FBBF24),,,,
36500,-12500,0,c-barrier,,AcDbEntity:AcDbPolyline,ByBlock,7004,,PEN(c:#FBBF24),,,,
36500,-22500,0,c-barrier,,AcDbEntity:AcDbPolyline,ByBlock,7004,,PEN(c:#FBBF24),,,,
37000,-22500,0,c-barrier,,AcDbEntity:AcDbPolyline,ByBlock,7004,,PEN(c:#FBBF24),,,,
37000,-12500,0,c-barrier,,AcDbEntity:AcDbPolyline,ByBlock,7004,,PEN(c:#FBBF24),,,,
36500,-12500,0,c-barrier,,AcDbEntity:AcDbPolyline,ByBlock,7004,,PEN(c:#FBBF24),,,,
48500,-12500,0,c-barrier,,AcDbEntity:AcDbPolyline,ByBlock,7005,,PEN(c:#FBBF24),,,,
48500,-22500,0,c-barrier,,AcDbEntity:AcDbPolyline,ByBlock,7005,,PEN(c:#FBBF24),,,,
49000,-22500,0,c-barrier,,AcDbEntity:AcDbPolyline,ByBlock,7005,,PEN(c:#FBBF24),,,,
49000,-12500,0,c-barrier,,AcDbEntity:AcDbPolyline,ByBlock,7005,,PEN(c:#FBBF24),,,,
48500,-12500,0,c-barrier,,AcDbEntity:AcDbPolyline,ByBlock,7005,,PEN(c:#FBBF24),,,,
9500,-24500,0,c-barrier,,AcDbEntity:AcDbPolyline,ByBlock,7006,,PEN(c:#FBBF24),,,,
9500,-32500,0,c-barrier,,AcDbEntity:AcDbPolyline,ByBlock,7006,,PEN(c:#FBBF24),,,,
9000,-32500,0,c-barrier,,AcDbEntity:AcDbPolyline,ByBlock,7006,,PEN(c:#FBBF24),,,,
9000,-24500,0,c-barrier,,AcDbEntity:AcDbPolyline,ByBlock,7006,,PEN(c:#FBBF24),,,,
9500,-24500,0,c-barrier,,AcDbEntity:AcDbPolyline,ByBlock,7006,,PEN(c:#FBBF24),,,,
22500,-24500,0,c-barrier,,AcDbEntity:AcDbPolyline,ByBlock,7007,,PEN(c:#FBBF24),,,,
22500,-32500,0,c-barrier,,AcDbEntity:AcDbPolyline,ByBlock,7007,,PEN(c:#FBBF24),,,,
23000,-32500,0,c-barrier,,AcDbEntity:AcDbPolyline,ByBlock,7007,,PEN(c:#FBBF24),,,,
23000,-24500,0,c-barrier,,AcDbEntity:AcDbPolyline,ByBlock,7007,,PEN(c:#FBBF24),,,,
22500,-24500,0,c-barrier,,AcDbEntity:AcDbPolyline,ByBlock,7007,,PEN(c:#FBBF24),,,,
23500,-24500,0,c-barrier,,AcDbEntity:AcDbPolyline,ByBlock,7008,,PEN(c:#FBBF24),,,,
23500,-32500,0,c-barrier,,AcDbEntity:AcDbPolyline,ByBlock,7008,,PEN(c:#FBBF24),,,,
24000,-32500,0,c-barrier,,AcDbEntity:AcDbPolyline,ByBlock,7008,,PEN(c:#FBBF24),,,,
24000,-24500,0,c-barrier,,AcDbEntity:AcDbPolyline,ByBlock,7008,,PEN(c:#FBBF24),,,,
23500,-24500,0,c-barrier,,AcDbEntity:AcDbPolyline,ByBlock,7008,,PEN(c:#FBBF24),,,,
36500,-24500,0,c-barrier,,AcDbEntity:AcDbPolyline,ByBlock,7009,,PEN(c:#FBBF24),,,,
36500,-32500,0,c-barrier,,AcDbEntity:AcDbPolyline,ByBlock,7009,,PEN(c:#FBBF24),,,,
37000,-32500,0,c-barrier,,AcDbEntity:AcDbPolyline,ByBlock,7009,,PEN(c:#FBBF24),,,,
37000,-24500,0,c-barrier,,AcDbEntity:AcDbPolyline,ByBlock,7009,,PEN(c:#FBBF24),,,,
36500,-24500,0,c-barrier,,AcDbEntity:AcDbPolyline,ByBlock,7009,,PEN(c:#FBBF24),,,,
48500,-24500,0,c-barrier,,AcDbEntity:AcDbPolyline,ByBlock,7010,,PEN(c:#FBBF24),,,,
48500,-32500,0,c-barrier,,AcDbEntity:AcDbPolyline,ByBlock,7010,,PEN(c:#FBBF24),,,,
49000,-32500,0,c-barrier,,AcDbEntity:AcDbPolyline,ByBlock,7010,,PEN(c:#FBBF24),,,,
49000,-24500,0,c-barrier,,AcDbEntity:AcDbPolyline,ByBlock,7010,,PEN(c:#FBBF24),,,,
48500,-24500,0,c-barrier,,AcDbEntity:AcDbPolyline,ByBlock,7010,,PEN(c:#FBBF24),,,,
10000,-12000,0,c-safetycone,,AcDbEntity:AcDbPoint,ByBlock,8001,안전콘-1,"SYMBOL(c:#F59E0B,s:24)",,,,
12000,-12000,0,c-safetycone,,AcDbEntity:AcDbPoint,ByBlock,8002,안전콘-2,"SYMBOL(c:#F59E0B,s:24)",,,,
14000,-12000,0,c-safetycone,,AcDbEntity:AcDbPoint,ByBlock,8003,안전콘-3,"SYMBOL(c:#F59E0B,s:24)",,,,
16000,-12000,0,c-safetycone,,AcDbEntity:AcDbPoint,ByBlock,8004,안전콘-4,"SYMBOL(c:#F59E0B,s:24)",,,,
18000,-12000,0,c-safetycone,,AcDbEntity:AcDbPoint,ByBlock,8005,안전콘-5,"SYMBOL(c:#F59E0B,s:24)",,,,
20000,-12000,0,c-safetycone,,AcDbEntity:AcDbPoint,ByBlock,8006,안전콘-6,"SYMBOL(c:#F59E0B,s:24)",,,,
22000,-12000,0,c-safetycone,,AcDbEntity:AcDbPoint,ByBlock,8007,안전콘-7,"SYMBOL(c:#F59E0B,s:24)",,,,
24000,-12000,0,c-safetycone,,AcDbEntity:AcDbPoint,ByBlock,8008,안전콘-8,"SYMBOL(c:#F59E0B,s:24)",,,,
26000,-12000,0,c-safetycone,,AcDbEntity:AcDbPoint,ByBlock,8009,안전콘-9,"SYMBOL(c:#F59E0B,s:24)",,,,
28000,-12000,0,c-safetycone,,AcDbEntity:AcDbPoint,ByBlock,8010,안전콘-10,"SYMBOL(c:#F59E0B,s:24)",,,,
30000,-12000,0,c-safetycone,,AcDbEntity:AcDbPoint,ByBlock,8011,안전콘-11,"SYMBOL(c:#F59E0B,s:24)",,,,
32000,-12000,0,c-safetycone,,AcDbEntity:AcDbPoint,ByBlock,8012,안전콘-12,"SYMBOL(c:#F59E0B,s:24)",,,,
34000,-12000,0,c-safetycone,,AcDbEntity:AcDbPoint,ByBlock,8013,안전콘-13,"SYMBOL(c:#F59E0B,s:24)",,,,
36000,-12000,0,c-safetycone,,AcDbEntity:AcDbPoint,ByBlock,8014,안전콘-14,"SYMBOL(c:#F59E0B,s:24)",,,,
38000,-12000,0,c-safetycone,,AcDbEntity:AcDbPoint,ByBlock,8015,안전콘-15,"SYMBOL(c:#F59E0B,s:24)",,,,
40000,-12000,0,c-safetycone,,AcDbEntity:AcDbPoint,ByBlock,8016,안전콘-16,"SYMBOL(c:#F59E0B,s:24)",,,,
42000,-12000,0,c-safetycone,,AcDbEntity:AcDbPoint,ByBlock,8017,안전콘-17,"SYMBOL(c:#F59E0B,s:24)",,,,
44000,-12000,0,c-safetycone,,AcDbEntity:AcDbPoint,ByBlock,8018,안전콘-18,"SYMBOL(c:#F59E0B,s:24)",,,,
46000,-12000,0,c-safetycone,,AcDbEntity:AcDbPoint,ByBlock,8019,안전콘-19,"SYMBOL(c:#F59E0B,s:24)",,,,
48000,-12000,0,c-safetycone,,AcDbEntity:AcDbPoint,ByBlock,8020,안전콘-20,"SYMBOL(c:#F59E0B,s:24)",,,,
10000,-22000,0,c-safetycone,,AcDbEntity:AcDbPoint,ByBlock,8021,안전콘-21,"SYMBOL(c:#F59E0B,s:24)",,,,
12000,-22000,0,c-safetycone,,AcDbEntity:AcDbPoint,ByBlock,8022,안전콘-22,"SYMBOL(c:#F59E0B,s:24)",,,,
14000,-22000,0,c-safetycone,,AcDbEntity:AcDbPoint,ByBlock,8023,안전콘-23,"SYMBOL(c:#F59E0B,s:24)",,,,
16000,-22000,0,c-safetycone,,AcDbEntity:AcDbPoint,ByBlock,8024,안전콘-24,"SYMBOL(c:#F59E0B,s:24)",,,,
18000,-22000,0,c-safetycone,,AcDbEntity:AcDbPoint,ByBlock,8025,안전콘-25,"SYMBOL(c:#F59E0B,s:24)",,,,
20000,-22000,0,c-safetycone,,AcDbEntity:AcDbPoint,ByBlock,8026,안전콘-26,"SYMBOL(c:#F59E0B,s:24)",,,,
22000,-22000,0,c-safetycone,,AcDbEntity:AcDbPoint,ByBlock,8027,안전콘-27,"SYMBOL(c:#F59E0B,s:24)",,,,
24000,-22000,0,c-safetycone,,AcDbEntity:AcDbPoint,ByBlock,8028,안전콘-28,"SYMBOL(c:#F59E0B,s:24)",,,,
26000,-22000,0,c-safetycone,,AcDbEntity:AcDbPoint,ByBlock,8029,안전콘-29,"SYMBOL(c:#F59E0B,s:24)",,,,
28000,-22000,0,c-safetycone,,AcDbEntity:AcDbPoint,ByBlock,8030,안전콘-30,"SYMBOL(c:#F59E0B,s:24)",,,,
30000,-22000,0,c-safetycone,,AcDbEntity:AcDbPoint,ByBlock,8031,안전콘-31,"SYMBOL(c:#F59E0B,s:24)",,,,
32000,-22000,0,c-safetycone,,AcDbEntity:AcDbPoint,ByBlock,8032,안전콘-32,"SYMBOL(c:#F59E0B,s:24)",,,,
34000,-22000,0,c-safetycone,,AcDbEntity:AcDbPoint,ByBlock,8033,안전콘-33,"SYMBOL(c:#F59E0B,s:24)",,,,
36000,-22000,0,c-safetycone,,AcDbEntity:AcDbPoint,ByBlock,8034,안전콘-34,"SYMBOL(c:#F59E0B,s:24)",,,,
38000,-22000,0,c-safetycone,,AcDbEntity:AcDbPoint,ByBlock,8035,안전콘-35,"SYMBOL(c:#F59E0B,s:24)",,,,
40000,-22000,0,c-safetycone,,AcDbEntity:AcDbPoint,ByBlock,8036,안전콘-36,"SYMBOL(c:#F59E0B,s:24)",,,,
42000,-22000,0,c-safetycone,,AcDbEntity:AcDbPoint,ByBlock,8037,안전콘-37,"SYMBOL(c:#F59E0B,s:24)",,,,
44000,-22000,0,c-safetycone,,AcDbEntity:AcDbPoint,ByBlock,8038,안전콘-38,"SYMBOL(c:#F59E0B,s:24)",,,,
46000,-22000,0,c-safetycone,,AcDbEntity:AcDbPoint,ByBlock,8039,안전콘-39,"SYMBOL(c:#F59E0B,s:24)",,,,
48000,-22000,0,c-safetycone,,AcDbEntity:AcDbPoint,ByBlock,8040,안전콘-40,"SYMBOL(c:#F59E0B,s:24)",,,,
10000,-24000,0,c-safetycone,,AcDbEntity:AcDbPoint,ByBlock,8041,안전콘-41,"SYMBOL(c:#F59E0B,s:24)",,,,
12000,-24000,0,c-safetycone,,AcDbEntity:AcDbPoint,ByBlock,8042,안전콘-42,"SYMBOL(c:#F59E0B,s:24)",,,,
14000,-24000,0,c-safetycone,,AcDbEntity:AcDbPoint,ByBlock,8043,안전콘-43,"SYMBOL(c:#F59E0B,s:24)",,,,
16000,-24000,0,c-safetycone,,AcDbEntity:AcDbPoint,ByBlock,8044,안전콘-44,"SYMBOL(c:#F59E0B,s:24)",,,,
18000,-24000,0,c-safetycone,,AcDbEntity:AcDbPoint,ByBlock,8045,안전콘-45,"SYMBOL(c:#F59E0B,s:24)",,,,
20000,-24000,0,c-safetycone,,AcDbEntity:AcDbPoint,ByBlock,8046,안전콘-46,"SYMBOL(c:#F59E0B,s:24)",,,,
22000,-24000,0,c-safetycone,,AcDbEntity:AcDbPoint,ByBlock,8047,안전콘-47,"SYMBOL(c:#F59E0B,s:24)",,,,
24000,-24000,0,c-safetycone,,AcDbEntity:AcDbPoint,ByBlock,8048,안전콘-48,"SYMBOL(c:#F59E0B,s:24)",,,,
26000,-24000,0,c-safetycone,,AcDbEntity:AcDbPoint,ByBlock,8049,안전콘-49,"SYMBOL(c:#F59E0B,s:24)",,,,
28000,-24000,0,c-safetycone,,AcDbEntity:AcDbPoint,ByBlock,8050,안전콘-50,"SYMBOL(c:#F59E0B,s:24)",,,,
30000,-24000,0,c-safetycone,,AcDbEntity:AcDbPoint,ByBlock,8051,안전콘-51,"SYMBOL(c:#F59E0B,s:24)",,,,
32000,-24000,0,c-safetycone,,AcDbEntity:AcDbPoint,ByBlock,8052,안전콘-52,"SYMBOL(c:#F59E0B,s:24)",,,,
34000,-24000,0,c-safetycone,,AcDbEntity:AcDbPoint,ByBlock,8053,안전콘-53,"SYMBOL(c:#F59E0B,s:24)",,,,
36000,-24000,0,c-safetycone,,AcDbEntity:AcDbPoint,ByBlock,8054,안전콘-54,"SYMBOL(c:#F59E0B,s:24)",,,,
38000,-24000,0,c-safetycone,,AcDbEntity:AcDbPoint,ByBlock,8055,안전콘-55,"SYMBOL(c:#F59E0B,s:24)",,,,
40000,-24000,0,c-safetycone,,AcDbEntity:AcDbPoint,ByBlock,8056,안전콘-56,"SYMBOL(c:#F59E0B,s:24)",,,,
42000,-24000,0,c-safetycone,,AcDbEntity:AcDbPoint,ByBlock,8057,안전콘-57,"SYMBOL(c:#F59E0B,s:24)",,,,
44000,-24000,0,c-safetycone,,AcDbEntity:AcDbPoint,ByBlock,8058,안전콘-58,"SYMBOL(c:#F59E0B,s:24)",,,,
46000,-24000,0,c-safetycone,,AcDbEntity:AcDbPoint,ByBlock,8059,안전콘-59,"SYMBOL(c:#F59E0B,s:24)",,,,
48000,-24000,0,c-safetycone,,AcDbEntity:AcDbPoint,ByBlock,8060,안전콘-60,"SYMBOL(c:#F59E0B,s:24)",,,,
10000,-32000,0,c-safetycone,,AcDbEntity:AcDbPoint,ByBlock,8061,안전콘-61,"SYMBOL(c:#F59E0B,s:24)",,,,
12000,-32000,0,c-safetycone,,AcDbEntity:AcDbPoint,ByBlock,8062,안전콘-62,"SYMBOL(c:#F59E0B,s:24)",,,,
14000,-32000,0,c-safetycone,,AcDbEntity:AcDbPoint,ByBlock,8063,안전콘-63,"SYMBOL(c:#F59E0B,s:24)",,,,
16000,-32000,0,c-safetycone,,AcDbEntity:AcDbPoint,ByBlock,8064,안전콘-64,"SYMBOL(c:#F59E0B,s:24)",,,,
18000,-32000,0,c-safetycone,,AcDbEntity:AcDbPoint,ByBlock,8065,안전콘-65,"SYMBOL(c:#F59E0B,s:24)",,,,
20000,-32000,0,c-safetycone,,AcDbEntity:AcDbPoint,ByBlock,8066,안전콘-66,"SYMBOL(c:#F59E0B,s:24)",,,,
22000,-32000,0,c-safetycone,,AcDbEntity:AcDbPoint,ByBlock,8067,안전콘-67,"SYMBOL(c:#F59E0B,s:24)",,,,
24000,-32000,0,c-safetycone,,AcDbEntity:AcDbPoint,ByBlock,8068,안전콘-68,"SYMBOL(c:#F59E0B,s:24)",,,,
26000,-32000,0,c-safetycone,,AcDbEntity:AcDbPoint,ByBlock,8069,안전콘-69,"SYMBOL(c:#F59E0B,s:24)",,,,
28000,-32000,0,c-safetycone,,AcDbEntity:AcDbPoint,ByBlock,8070,안전콘-70,"SYMBOL(c:#F59E0B,s:24)",,,,
30000,-32000,0,c-safetycone,,AcDbEntity:AcDbPoint,ByBlock,8071,안전콘-71,"SYMBOL(c:#F59E0B,s:24)",,,,
32000,-32000,0,c-safetycone,,AcDbEntity:AcDbPoint,ByBlock,8072,안전콘-72,"SYMBOL(c:#F59E0B,s:24)",,,,
34000,-32000,0,c-safetycone,,AcDbEntity:AcDbPoint,ByBlock,8073,안전콘-73,"SYMBOL(c:#F59E0B,s:24)",,,,
36000,-32000,0,c-safetycone,,AcDbEntity:AcDbPoint,ByBlock,8074,안전콘-74,"SYMBOL(c:#F59E0B,s:24)",,,,
38000,-32000,0,c-safetycone,,AcDbEntity:AcDbPoint,ByBlock,8075,안전콘-75,"SYMBOL(c:#F59E0B,s:24)",,,,
40000,-32000,0,c-safetycone,,AcDbEntity:AcDbPoint,ByBlock,8076,안전콘-76,"SYMBOL(c:#F59E0B,s:24)",,,,
42000,-32000,0,c-safetycone,,AcDbEntity:AcDbPoint,ByBlock,8077,안전콘-77,"SYMBOL(c:#F59E0B,s:24)",,,,
44000,-32000,0,c-safetycone,,AcDbEntity:AcDbPoint,ByBlock,8078,안전콘-78,"SYMBOL(c:#F59E0B,s:24)",,,,
46000,-32000,0,c-safetycone,,AcDbEntity:AcDbPoint,ByBlock,8079,안전콘-79,"SYMBOL(c:#F59E0B,s:24)",,,,
48000,-32000,0,c-safetycone,,AcDbEntity:AcDbPoint,ByBlock,8080,안전콘-80,"SYMBOL(c:#F59E0B,s:24)",,,,
5500,-28000,0,c-emergencyassembly,,AcDbEntity:AcDbPoint,ByBlock,9001,비상집결지-1,"SYMBOL(c:#10B981,s:40)",,,,
7500,-36000,0,c-emergencyassembly,,AcDbEntity:AcDbPoint,ByBlock,9002,비상집결지-2,"SYMBOL(c:#10B981,s:40)",,,,
19500,-36000,0,c-emergencyassembly,,AcDbEntity:AcDbPoint,ByBlock,9003,비상집결지-3,"SYMBOL(c:#10B981,s:40)",,,,
31500,-36000,0,c-emergencyassembly,,AcDbEntity:AcDbPoint,ByBlock,9004,비상집결지-4,"SYMBOL(c:#10B981,s:40)",,,,
43500,-36000,0,c-emergencyassembly,,AcDbEntity:AcDbPoint,ByBlock,9005,비상집결지-5,"SYMBOL(c:#10B981,s:40)",,,,
6000,-2100,0,c-firstaidkit,,AcDbEntity:AcDbPoint,ByBlock,10001,구급함-1,"SYMBOL(c:#EF4444,s:30)",,,,
44000,-2100,0,c-firstaidkit,,AcDbEntity:AcDbPoint,ByBlock,10002,구급함-2,"SYMBOL(c:#EF4444,s:30)",,,,
7500,-36000,0,c-firstaidkit,,AcDbEntity:AcDbPoint,ByBlock,10003,구급함-3,"SYMBOL(c:#EF4444,s:30)",,,,
19500,-36000,0,c-firstaidkit,,AcDbEntity:AcDbPoint,ByBlock,10004,구급함-4,"SYMBOL(c:#EF4444,s:30)",,,,
31500,-36000,0,c-firstaidkit,,AcDbEntity:AcDbPoint,ByBlock,10005,구급함-5,"SYMBOL(c:#EF4444,s:30)",,,,
43500,-36000,0,c-firstaidkit,,AcDbEntity:AcDbPoint,ByBlock,10006,구급함-6,"SYMBOL(c:#EF4444,s:30)",,,,
